{"val_loss": [3.7355363219976425, 4.419563606381416, 1.0375352427363396, 0.994050070643425, 1.0080522700316377, 1.0088833392494254, 0.9161173978613483, 3.125928219821718, 1.0501341401702828, 0.9517700949476825, 0.9562269979053073, 0.862726821253697, 0.8836705891622437, 0.8328405606249968, 2.998654996355375, 0.8374578708575832, 0.8097365775869952, 0.819317865702841, 0.8106981342037519, 0.8343607029981084, 0.8070316256748306, 0.7930250308579869, 0.7996061059335867, 0.7790487346549829, 0.7799866609275341, 0.7829597948326005, 0.762290728588899, 0.7772856855558025, 0.7585759531292651, 0.7902928474876616, 0.7637720153563552, 0.7584136604434915, 0.759423364781671, 0.7557124131255679, 0.7621373583873113, 0.7580990567803383, 0.7467554546892643, 0.7483653438587984, 0.7382957831852965, 1.7769114565518167, 0.7369220352007283, 0.7425020618571175, 0.7318491575618585, 0.7444991680483023, 0.7911909764839543, 0.8730573323037889, 0.7358232889738348, 0.7743686599036058, 0.7783369856576124, 0.6905136824482017, 0.6709226227054993, 0.675239123404026, 0.6821180106037192, 0.6290579105003012, 0.6603123082054986, 0.7093301063610448, 0.6699128585557143, 0.6095694632579883, 0.6600323129031394, 0.5723793185833428, 0.6003168645418353, 0.549885157081816, 0.5389229204091761, 0.5813068654388189, 0.5864788235889541, 0.5374410214523474, 0.5863382702486383, 0.5676679273860322, 0.5607381011876795, 0.5544518791139126, 0.5279789566993713, 0.554743224547969, 0.56637342998551, 0.5108705320292048, 0.532585803212391, 0.5037123993453052, 0.5521430489089754, 0.501050789323118, 0.5285843710104624, 0.5250856472800175, 0.5571493783758746, 0.48142060699562234, 0.5172700797104173, 0.5088308904733922, 0.48788058054116035, 0.4874881847451131, 0.4745790817671352, 0.510625536657042, 0.47464090026915073, 0.4688833805008067, 0.556023522383637, 0.5042975691871511, 0.4938087051527368, 0.4557451440228356, 0.4493051835646232, 0.4614652008232143, 0.44912648180292714, 0.44487322825524545, 0.4525994463927216, 0.4357249074512058], "val_acc": [0.18374999954054752, 0.18770833318639132, 0.46166666265990997, 0.49263888638880515, 0.49888888498147327, 0.531805551921328, 0.5390277757412858, 0.18284722195110387, 0.4770833309739828, 0.5395833297322193, 0.5193749945610762, 0.5606249959932433, 0.5511805545538664, 0.5676388860576682, 0.30055555577079457, 0.5729166656318638, 0.5740972206824355, 0.569999998021457, 0.5759027751369609, 0.572291666848792, 0.5765972228513824, 0.5876388874732785, 0.5793749988079071, 0.5883333300136857, 0.5843055548353328, 0.5882638862563504, 0.59208333471583, 0.5877083333002197, 0.5934027770741118, 0.579930555075407, 0.5905555528071191, 0.5979166666252745, 0.614166667064031, 0.5935416637609402, 0.6093055539660983, 0.5933333316610919, 0.6238194424659014, 0.6021527772148451, 0.6230555559611983, 0.3823611113346285, 0.6081249993294477, 0.6327083352953196, 0.6337500003476938, 0.6253472220980458, 0.5959027784152163, 0.6036111085365216, 0.6444444439063469, 0.6247916666583883, 0.6076388886819283, 0.6792361119555103, 0.67937500278155, 0.6638194459180037, 0.6809027786884043, 0.7112500038411882, 0.6818055572609106, 0.6840972246395217, 0.6884722258481715, 0.719930556913217, 0.6890972264938884, 0.7351388894021511, 0.7093750006622739, 0.744166666848792, 0.7573611107137468, 0.7396527772976292, 0.736041669630342, 0.7531249990893735, 0.7229166684879197, 0.7449305541813374, 0.738402778075801, 0.7466666681898965, 0.7595833324723773, 0.7452083312802844, 0.7447916645970609, 0.7661111123032041, 0.7549305566483073, 0.7615972206824355, 0.7552777768837081, 0.7730555542641215, 0.7656944431364536, 0.7592361122369766, 0.7615972194406722, 0.7861805533369383, 0.7700694431033399, 0.7750694445437856, 0.7767361092070738, 0.7804861089421643, 0.7879166636202071, 0.7700694431033399, 0.7831944430039989, 0.7936805557045672, 0.7477083334492313, 0.7806944437325001, 0.7813194431364536, 0.79881944341792, 0.8022222187783983, 0.7945138878292508, 0.8052083307670223, 0.8096527746982045, 0.8077777760724226, 0.8106249997185336], "loss": [1.493799084590541, 1.183280747383833, 1.1358710879253016, 1.0693656239244673, 1.011800915416744, 1.025702092796564, 0.9498008688290914, 1.3591131915648778, 1.0914721087449126, 0.9815238035387464, 0.9542705867853429, 0.9176878113713529, 0.9365247413516045, 0.8879369733234247, 0.8514435866640674, 0.8418039290441407, 0.8333323631021712, 0.9050520116256343, 0.8379556391802099, 0.8255705386400223, 0.8152158885366387, 0.8134933354126083, 0.8059423011210229, 0.7898045430580775, 0.7924717453618845, 0.8078183833923605, 0.7880086435212029, 0.7794394799404674, 0.7719331251250373, 0.7857563077575631, 0.7739313397970464, 0.7635473853184117, 0.7638713630537192, 0.7671029820210404, 0.7738950616783566, 0.7601814385917451, 0.7590368005136648, 0.75265083503392, 0.75421057931251, 0.7507767913242182, 0.7645105119380686, 0.7465474634534783, 0.7403892402847608, 0.7384896535012457, 0.9052677936851978, 0.8125877864658833, 0.7888541954259077, 0.7497951454586453, 0.7488037480248345, 0.7199335565997494, 0.7347736958828237, 0.7146313380863931, 0.6960656324194537, 0.6724541390107738, 0.6657757881200976, 0.6725526716974046, 0.6954225074085925, 0.6526754320495658, 0.6458405183835162, 0.6304332280738486, 0.6192851010710001, 0.6120629161596298, 0.6052273323552476, 0.6525279581546783, 0.5991744624657763, 0.584381264117029, 0.5784415389514632, 0.5749341369503074, 0.5750043176942401, 0.5687560000353389, 0.5587676113678349, 0.557691123129593, 0.5972835189766355, 0.5578875032564005, 0.5470845575133959, 0.5399687120483981, 0.536749904561374, 0.5277888050509824, 0.5309834223654535, 0.5368345758567253, 0.5252696753789982, 0.5179112932334343, 0.5073274169117212, 0.5141554191294644, 0.5053085181862116, 0.503681029089623, 0.4950891114357445, 0.4955481458455324, 0.5009860497795873, 0.49492034047014183, 0.5127965990040038, 0.525956068187952, 0.489022561452455, 0.49569479355381596, 0.48080193768772816, 0.4745317405710618, 0.47725822528203327, 0.47569926145176095, 0.4705367299417655, 0.46433925235437024],