{"val_loss": [0.49551151672171223, 0.41403014585375786, 0.4677569137679206, 0.45928620940281284, 0.429735174195634, 0.43291118937648004, 0.41091926737378043, 0.43696087950633633, 0.4584164230359925, 0.40418351493361926, 0.46839679777622223, 0.4238636875525117, 0.3831907035782933, 0.38730815798044205, 0.4051035201797883, 0.4021770173890723, 0.42326310980651116, 0.40795147688024574, 0.3817182347799341, 0.42339680809527636, 0.3887484474107623, 0.4158890477071206, 0.38388112590958673, 0.36821662696699303, 0.3637901282765799, 0.3573498838684625, 0.42123905124349725, 0.35759049964447814, 0.37174559467368656, 0.3476712138702472, 0.39391997704903287, 0.36565409869783455, 0.34534829171995324, 0.337985766120255, 0.3420868861592478, 0.35092657069779104, 0.41342256704552305, 0.3201338741928339, 0.3321467853254742, 0.3733001099899411, 0.3528345769478215, 0.36752607042176855, 0.31126577376077574, 0.3242483953427937, 0.3413756015814013, 0.3642026466420955, 0.3088766617907418, 0.3174220390824808, 0.3543293954183658, 0.31503314731849563, 0.32408687637911904, 0.3306686076232129, 0.3498755477161871, 0.2961838658278187, 0.3172251991927624, 0.29128893257843125, 0.3064720385397474, 0.3154184580263164, 0.29351665783259606, 0.2936746389087703, 0.33465359473807943, 0.30353213143017554, 0.28336873728161055, 0.32146269403811956, 0.29078588645077413, 0.29544790585835773, 0.2896279949280951, 0.3064942932170298, 0.27531698170221514, 0.2852803689117233, 0.2733123903680179, 0.2860513595967657, 0.31851489117576015, 0.29182886239141226, 0.3060037611673276, 0.2915399303245876, 2.4111374798748226, 0.3008277292570306, 0.2652566701484223, 0.29218963445681667, 0.27616325170836514, 0.2690495185347067, 0.2650731157304512, 0.3255931061382095, 0.28351881355047226, 0.28911710913396543, 0.3031680871111651, 0.27854694177707034, 0.2763106014786495, 0.2838488606115182, 0.30470014787796473, 0.2656272265335752, 0.28152502286765313, 0.2743976906252404, 0.2855844320729375, 0.2818119425533546, 0.2843218392485546, 0.2696917748803066, 0.2635194883267913, 0.28432558016437626], "val_acc": [0.796458332075013, 0.8215972201691734, 0.7897222224209044, 0.8031944442126486, 0.8179861083626747, 0.818055553568734, 0.8304861084454589, 0.820138887812694, 0.8020833345750967, 0.8313888857762018, 0.809166664050685, 0.8259722193082174, 0.8405555532210403, 0.8424305547442701, 0.8327777754101489, 0.8361111105316215, 0.8197916650937663, 0.8381250012252066, 0.8449305552575324, 0.8234027756585015, 0.8415972217917442, 0.8338194435669316, 0.8437499979303943, 0.8531944437159432, 0.8562499975992574, 0.8601388898160722, 0.8338194410834048, 0.8552777767181396, 0.8541666708058782, 0.8575694432689084, 0.8446527744332949, 0.857152776999606, 0.862361109505097, 0.8656250002483526, 0.8624999990893735, 0.8641666658222675, 0.8452083315286372, 0.8709722244077258, 0.8706249987913502, 0.8555555558866925, 0.8630555553568734, 0.8529166666169962, 0.8797916666501098, 0.8732638888888888, 0.8714583338134818, 0.8592361108296447, 0.8781944438815117, 0.8740972222553359, 0.8675000017715825, 0.8744444400072098, 0.8763888908757104, 0.8656944437987275, 0.8678472199373775, 0.8856944433516927, 0.8800694470604261, 0.8875694469445281, 0.8823611098859045, 0.8790277772479587, 0.8881944434510337, 0.8875694448749224, 0.8760416677428616, 0.8841666682726808, 0.8919444452557299, 0.8785416682561239, 0.8897222247388628, 0.8851388899816407, 0.8867361115084754, 0.8811805562840568, 0.8938194438815117, 0.8961805556383398, 0.8958333320915699, 0.8939583338797092, 0.8834027776287662, 0.889305557227797, 0.886180556482739, 0.8908333343764147, 0.48923610895872116, 0.8873611117402712, 0.8977777804765437, 0.8944444457689921, 0.8976388884087404, 0.898402776569128, 0.8988194490472475, 0.8766666679746575, 0.8937500024007426, 0.8907638908260398, 0.8897222234970994, 0.8971527773472998, 0.8899305553899871, 0.8972916681733396, 0.8863194435834885, 0.8997916670309173, 0.8936111115747027, 0.8990277780426873, 0.8871527777777778, 0.9003472220566537, 0.8979861107137468, 0.9047222236792246, 0.9019444464809365, 0.8938888882597288], "loss": [0.46172756515443325, 0.4575309697538614, 0.45574799842304653, 0.45536432125502163, 0.456768080074754, 0.44644792729781735, 0.4559850251923005, 0.44374175493915874, 0.45374779341121513, 0.43919258895847535, 0.43250800255272126, 0.4482397697865963, 0.4314906106640895, 0.4237533611141973, 0.4180073868483305, 0.4188217971887853, 0.4712761009318961, 0.4289251228587495, 0.41536305989656186, 0.4205417194300228, 0.4171715492589606, 0.40044807663394344, 0.4133666526112292, 0.4133993031250106, 0.4012421011510823, 0.3910500481724739, 0.38976430903292364, 0.3918793781970938, 0.39596624734501046, 0.388430376847585, 0.3876335611566901, 0.3853683499619365, 0.37550978269428015, 0.3878427557647228, 0.37018613010230994, 0.3573646926217609, 0.36938440178831417, 0.37216195836663246, 0.3619372266241246, 0.3556334821300374, 0.35681551684521967, 0.3509731273063355, 0.35020386955390376, 0.35229179821908474, 0.3465113290068176, 0.378708741420673, 0.3645947084037794, 0.3422570513147447, 0.34328526796566117, 0.33577019607441294, 0.34419775381684303, 0.34178496297034955, 0.342568788677454, 0.3252158645126555, 0.3278422903062569, 0.32309373892429805, 0.3308766559801168, 0.33147168821758694, 0.3273153403359983, 0.3510012697014544, 0.3198338780138228, 0.3360715451546841, 0.31817242306553656, 0.32144508603960276, 0.30473955689618987, 0.31696827544106376, 0.3160240740204851, 0.3111099713585443, 0.3145066252392199, 0.30732009787526393, 0.3099088251797689, 0.3042345771359073, 0.29240025983502466, 0.29445307484517497, 0.2943620616570115, 0.3056967498010231, 0.2995507911675506, 0.389598414198392, 0.3161376714706421, 0.3092812022401227, 0.3019780638731188, 0.2949000106503566, 0.2961424632618825, 0.28517654527806574, 0.2926030508759949, 0.28417455467085045, 0.29089112631562686, 0.2856888311604659, 0.28563802575485575, 0.2798966836805145, 0.280806983096732, 0.27605599920368856, 0.2756248831542002, 0.2818058993046482, 0.27572215089781416, 0.26947884023603463, 0.27571958479368025, 0.2801652354084783, 0.2692149667483237, 0.26997581248482067],