{"val_loss": [0.3892722010819448, 0.3978459412852923, 0.366777171794739, 0.36218199289093417, 0.4090729209904869, 0.3981310338195827, 0.3906159515803059, 0.4007976240374976, 0.3607595648823513, 0.3751016454771161, 0.3438881493897902, 0.3965830204801427, 0.38121941323495573, 0.35817537394662696, 0.3559060279900829, 0.36393867567595506, 0.37451352344618904, 0.35310033129321206, 0.3505410436126921, 0.36539453350835377, 0.35202787071466446, 0.38661661754465765, 0.36645243347932893, 0.3421781121028794, 0.35673267839269507, 0.3456518528982997, 0.349124174254636, 0.35299474207891357, 0.34486024764676887, 0.3555573006677959, 0.32956594777190024, 0.35415103162328404, 0.34796684856216115, 0.3477519315977891, 0.35654806687186164, 0.3303473603187336, 0.341168620934089, 0.3654263815325167, 0.3341993360469739, 0.35043296807756025, 0.3468718324891395, 0.34316210966143346, 0.3442706952078475, 0.3404985424131155, 0.34884325187239384, 0.35378638696339393, 0.33074069685406154, 0.3394263938276304, 0.3381318360981014, 0.3439804907474253, 0.3243602112763458, 0.336459260330432, 0.3498329045251012, 0.32605296983901, 0.3688175074963106, 0.32107342158754665, 0.35893731616023516, 0.327018019122382, 0.3632440184139543, 0.34086271758294767, 0.3313027664812075, 0.3358400950415267, 0.30154553873257506, 0.3638370257491867, 0.31616035093449885, 0.3576752707983057, 0.3207740490842197, 0.3207632551590602, 0.30597665398899054, 0.30689529464062715, 0.32775861035204595, 0.30436076410114765, 0.30741223310016924, 0.3251627940270636, 0.3003782327804301, 0.32071177071581286, 0.32109536251260173, 0.30562840898831684, 0.29756574984639883, 0.32223658475817907, 0.303206382629772, 0.33647331688553095, 0.3094413286695878, 0.30156087182048297, 0.30388854381938774, 0.34082828803608817, 0.3048012478070127, 0.299758351718386, 0.3091782472199864, 0.2873925978524817, 0.33425523351050085, 0.28870887330008876, 0.29850092933823663, 0.331844547453026, 0.2957402410813504, 0.2891084569402867, 0.30297112392468584, 0.3248384154091279, 0.3174995589587424, 0.2823593562675847], "val_acc": [0.8428472193578879, 0.8396527750624551, 0.848194443517261, 0.852083332836628, 0.8384027779102325, 0.8416666665838825, 0.8426388862232367, 0.8389583304524422, 0.8515972192916605, 0.8469444442954328, 0.8571527749300003, 0.8393749992052714, 0.8471527761883206, 0.851944444494115, 0.8543749989734756, 0.8511805517805947, 0.8495138875312276, 0.857152776999606, 0.8564583303199874, 0.8534722208148904, 0.8605555556714535, 0.8470833313961824, 0.8511805526084371, 0.8634722224540181, 0.8563888871835338, 0.8611111111111112, 0.8668055546780428, 0.8604861104653941, 0.8613194421761565, 0.8604861117071576, 0.8664583319591151, 0.8590277785228358, 0.8625694434675906, 0.8611111106971899, 0.8581249995364083, 0.8679166676269637, 0.866041666517655, 0.8570833338631524, 0.8640277774797546, 0.8628472226361433, 0.8625694434675906, 0.8687500022351742, 0.8633333357671896, 0.8659027802447478, 0.8636805560025904, 0.8622222248878744, 0.8674999992880557, 0.8686805562012725, 0.8669444446762403, 0.864583332505491, 0.8723611099024614, 0.8679861103494962, 0.8647916660540633, 0.8711111144059234, 0.859583332306809, 0.8759722229507234, 0.8637499995529652, 0.8731944445106719, 0.8588194441464212, 0.8683333326545026, 0.8688194445437856, 0.868749998923805, 0.8818749992383851, 0.8647916672958268, 0.8752777787546316, 0.867083335088359, 0.875138888342513, 0.8747222233149741, 0.8803472220897675, 0.8799305574761497, 0.8724305567642053, 0.8808333319094446, 0.8829166690508524, 0.8758333337803682, 0.8819444452722868, 0.8774305540654395, 0.8781944455371963, 0.8829166694647737, 0.8859027781420283, 0.8772222242421575, 0.8813194437987275, 0.8752777783407105, 0.8797222218579717, 0.8827083342605166, 0.8831249992880557, 0.8731250022020605, 0.883541668454806, 0.8848611075017188, 0.8802777760558658, 0.8888888884749677, 0.8739583343267441, 0.8895833330849806, 0.8863888896173902, 0.8776388913393021, 0.888055555936363, 0.8912499994039536, 0.8852083343598578, 0.8799305562343862, 0.874861111657487, 0.8927083334161175], "loss": [0.4048912508620156, 0.3990475415873031, 0.39777815869698924, 0.397076925340419, 0.4002124493320783, 0.3905394632990162, 0.3895905416769286, 0.3899931402411312, 0.3873044946230948, 0.387650850849847, 0.38791480272387463, 0.38738931741358507, 0.38446735518260133, 0.3859275575572004, 0.3819056125616448, 0.3789989914900313, 0.3948993803157161, 0.37821280568217236, 0.3754906517505232, 0.3740202132612467, 0.3774976613155256, 0.37650593116672504, 0.37312743773994345, 0.3718042714107368, 0.3744108934835013, 0.3709269892424345, 0.3673385468363348, 0.3702000070673724, 0.36727396039188737, 0.3674821896323313, 0.36548258915233117, 0.3628187361173332, 0.3662397669783483, 0.36202575713913476, 0.3609592703481515, 0.3615562559571117, 0.36039638167454136, 0.35706447975503075, 0.35885210146403146, 0.35736578485618037, 0.3576362843676988, 0.3552283791618215, 0.35631392114899224, 0.35086168421225417, 0.3521820116374228, 0.34976182831451297, 0.3502172170103424, 0.35085146457681227, 0.348442046256322, 0.3476956472473426, 0.347107521051334, 0.34583645280347103, 0.34560153506592745, 0.34632628149766886, 0.346023566606972, 0.34269697294156587, 0.3432362643070519, 0.34047705286906826, 0.34156051503183943, 0.3379031375774907, 0.341465794093286, 0.3397612714260403, 0.34191827804574537, 0.3357549441409194, 0.3404457871802151, 0.3365527452487085, 0.3360013800880147, 0.33530257556897897, 0.33114647640225786, 0.3328425426863962, 0.3327894159592688, 0.332154039785059, 0.330903261123846, 0.33073334680456257, 0.32850133446562624, 0.32810634597101146, 0.3277698760179596, 0.3260205251475175, 0.32680755106007886, 0.3238221819822987, 0.3240760486935162, 0.320990389937328, 0.325761333004468, 0.3231116690569454, 0.3241249175690528, 0.3225976502678047, 0.3226475423046698, 0.31996979088419014, 0.31952281831763685, 0.3217671115675734, 0.31559471141857404, 0.3184549896719141, 0.3132501533513682, 0.3154823678131733, 0.315161228671463, 0.3146538552052031, 0.316686808416206, 0.3113877665406714, 0.31323307087748414, 0.3102387414158632],