{"val_loss": [0.30330670738799703, 0.2916188210559388, 0.28345705351481837, 0.2952089629963868, 0.29412984837674433, 0.2919441198723184, 0.291457724188351, 0.28846819672940505, 0.28860874292958116, 0.2907534120604396, 0.2912663470229341, 0.2902844676023556, 0.28570471704006195, 0.291656322673791, 0.27779328916221857, 0.2898733563100298, 0.28020718874823713, 0.28144427616563106, 0.2858273337284724, 0.2933559749896328, 0.2934691242666708, 0.28467478991175693, 0.2791260657314625, 0.28672825498506427, 0.2859963033762243, 0.29409589323525626, 0.27890642054585946, 0.29172052681032157, 0.29636300913989544, 0.28377060235167545, 0.2802612050436437, 0.2793175137291352, 0.2802025679912832, 0.29197324181182516, 0.288110308866534, 0.2762903950901495, 0.28097063458214205, 0.2861553773594399, 0.2866487527369625, 0.28196085642816293, 0.27774031315412784, 0.2762680044397712, 0.2842210750612948, 0.2768771521643632, 0.27941063770817387, 0.27193351017518175, 0.2761865633332895, 0.2832432157980899, 0.2733568801648087, 0.270533149337603, 0.2781926380056474, 0.2726403562765982, 0.280227984715667, 0.280608004424721, 0.27454011349214447, 0.2900624438706372, 0.28413339404182303, 0.27894593092302483, 0.2825577427219186, 0.27351569818953675, 0.28577800700441003, 0.2901998976142042, 0.2803570365326272, 0.2856642015071379, 0.2878337747727831, 0.2764739013897876, 0.2838125265099936, 0.27647350578465396, 0.27778479234418935, 0.27756503705556196, 0.2813437329605222, 0.28316080425348544, 0.26883140014898443, 0.27916125347837806, 0.2881004938648807, 0.2691167024378147, 0.27113132763447034, 0.2927632372205456, 0.2817595146803392, 0.2728631820322739, 0.26630593908743727, 0.2780424700015121, 0.27196280942815876, 0.2696120314713981, 0.2822462498313851, 0.28221625746745205, 0.27477533654827213, 0.28054874545584124, 0.2763243499211967, 0.2862539872423642, 0.27479704686750966, 0.2737387444099618, 0.28570085463838446, 0.2771207717661228, 0.27341800674589145, 0.2742171161290672, 0.2844085851166811, 0.26453500701528454, 0.2780922149928908, 0.2688449370778269], "val_acc": [0.886111112518443, 0.8889583324392637, 0.8917361104653941, 0.8876388892531395, 0.8899999985264407, 0.8902777772810724, 0.890902777098947, 0.8895833330849806, 0.8905555543800195, 0.8904861108296447, 0.8886805545124743, 0.8902083337306976, 0.8928472213447094, 0.8906249987582365, 0.8943749989072481, 0.891944442772203, 0.8931249988575777, 0.8944444428715441, 0.8927083334161175, 0.890416664381822, 0.890902779582474, 0.8927083330021964, 0.8947222220400969, 0.8917361112932364, 0.8931944444775581, 0.8916666677428616, 0.8958333308498064, 0.8907638899981976, 0.8910416658553812, 0.8931249992714988, 0.8947222216261758, 0.893958333051867, 0.894305557012558, 0.8912500002317958, 0.8938194434675906, 0.8960416685375903, 0.8942361118064986, 0.8927777777943346, 0.8927083338300387, 0.8937499999172158, 0.8954861110283269, 0.8959722212619252, 0.893472223646111, 0.8949305560025904, 0.8952777791354392, 0.8975694456862079, 0.8958333362307813, 0.8932638888557752, 0.8963194452226162, 0.8984027794665761, 0.8963194456365373, 0.8972222262786494, 0.8952777774797546, 0.8956250022682879, 0.896388891670439, 0.892777779036098, 0.8942361118064986, 0.8957638897829585, 0.8945138905611303, 0.8970833350386884, 0.8929861109289858, 0.891666666087177, 0.895694444162978, 0.894930554760827, 0.8931249992714988, 0.8958333345750967, 0.8950694447590245, 0.8968750014901161, 0.8959722245732943, 0.8969444450404909, 0.8959027789533138, 0.8947222253514661, 0.8983333334326744, 0.8954861110283269, 0.893888889087571, 0.8991666672130426, 0.8986805594629712, 0.8926388890379005, 0.8947222228679392, 0.8973611113097932, 0.8999305553734303, 0.8965277775294251, 0.8983333342605166, 0.8991666676269637, 0.8957638893690374, 0.895000002036492, 0.8977777779930167, 0.8960416672958268, 0.8972222217255168, 0.8946527776618799, 0.8968750014901161, 0.8970833325551616, 0.8936805538833141, 0.896666668769386, 0.8977083332008786, 0.8981250015397867, 0.8960416681236691, 0.9004861137105359, 0.8963888924982812, 0.8991666680408849], "loss": [0.2993603082270258, 0.29832749379177886, 0.29650594431182575, 0.29568203419653905, 0.2956501200743433, 0.2930414291202194, 0.2942933927859283, 0.2955907561764535, 0.2943126775790006, 0.2933070735954162, 0.2920286747782181, 0.29332497421031195, 0.2923420486299114, 0.29054689433218706, 0.2895389929569016, 0.289722631051619, 0.2938583195985605, 0.2902291491627693, 0.2891783464906944, 0.2895249485866063, 0.2903495836330371, 0.2884653870326777, 0.29042835743166506, 0.28797625770999324, 0.2879518835624266, 0.29156388660582405, 0.289902131849279, 0.28737851024036193, 0.28580166557286346, 0.2855864417894433, 0.28722211064046455, 0.2879803920319925, 0.2856920601334423, 0.28775513436024386, 0.287567630267909, 0.2883454009942297, 0.28794619073677397, 0.2857620504995187, 0.2866962463594973, 0.28631383892045253, 0.2831791462118013, 0.28598472269044983, 0.2866752918602692, 0.28408136513705057, 0.286858450440276, 0.286730157961655, 0.28368610865436494, 0.2837627395056188, 0.2831700689987176, 0.2834406507253233, 0.28603626875620747, 0.2850397308615761, 0.2842987199417419, 0.284552193324392, 0.2840875322516594, 0.28310300360640717, 0.2832680488936603, 0.28325332248479956, 0.2817296842371838, 0.28228348488402033, 0.2828225954177065, 0.2814553698731793, 0.2805684224391977, 0.2807513004065388, 0.2810600533460577, 0.28252709856153363, 0.2810245003396024, 0.279488469965549, 0.2801768977660686, 0.2800400581779993, 0.28092427479310167, 0.2783383884622405, 0.28296598445417154, 0.2815651036540253, 0.27770948182377553, 0.2778014916693792, 0.27902788534346556, 0.2784897606276597, 0.2791211991053488, 0.27748696881139445, 0.27927134605124593, 0.278041482799583, 0.2769317827316829, 0.27727956156660283, 0.28084089583717287, 0.2786115454380504, 0.2783605413407915, 0.2775617241600735, 0.2776326985201902, 0.27781121745809084, 0.27674889254073304, 0.279839926929627, 0.2776040491104747, 0.2774015737361171, 0.27593141491524875, 0.27512982086692417, 0.2747774851611919, 0.27292873781536603, 0.2759709139095826, 0.27355276797122013],